NACSname,NACSgroup
(Ward 15) Noah’s Ark,Paediatrics
(Ward 15) Noahs Ark,Paediatrics
23 Hour Unit ( Ward 1A),Surgery
AAA screening (Abdominal Aortic Aneurysm),
Aaron House Care Home,Social Care
Aberdeen City Community Health Partnership,Social Care
Aberdeen Health and Care Village,Social Care
Aberdeen Maternity Hospital,Maternity
Aberdeen Royal Infirmary,Other
Accident & Emergency,Emergency
Accident & emergency,Emergency
Accident & Emergency (Emergency Care),Emergency
Accident and emergency,Emergency
Acquired brain injury (under 65),
Acute assessment unit,Emergency
Acute Assessment Unit,Emergency
Acute Assessment Unit (AAU),Emergency
Acute Care,Other
Acute Medical,Medicine
Acute Medical (Garrick Ward),Medicine
Acute Medical Admissions Unit,Emergency
Acute Medical Assessment Unit,Emergency
Acute Medical Initial Assessment,Emergency
Acute Medical Receiving Unit,Medicine
Acute Medical Receiving Unit (AMRU),Emergency
Acute Medical Unit,Medicine
Acute Medical Unit (AMU),Medicine
Acute Medicine,Medicine
Acute Pain (Pain Clinic),Medicine
Acute Receiving,Emergency
Acute Receiving Unit,Emergency
Acute Receiving Unit (Units 1-5),Emergency
Acute Receiving Unit (Ward 2c),Emergency
Acute Short Stay Medicine,Medicine
Acute Stroke Unit,Medicine
Acute Stroke Unit (Ward 7),Medicine
Acute Surgical Receiving Unit,Surgery
"Acute/Medical Receiving Unit (50,51,53)",Emergency
Acute/Rehabilitation Inpatient Ward,Medicine
Adamson Hospital,Other
Addiction Services,Medicine
Addiction services,Medicine
Addiction services (CADS) Stirling,Medicine
Addiction Services NHS Fife,Medicine
Addictions recovery team,Other
Admissions Unit 1 (Emergency Medical),Emergency
Admissions Unit 2 (Emergency Surgical),Emergency
Adolescent Psychiatry,Mental Health
Adult and Older People's Social Work Team,Social Care
Adult Autism Services,Mental Health
Adult Clinical Psychology,Mental Health
Adult Community Mental Health Service,Mental Health
Adult Critical Care Unit (ACCU),Medicine
Adult Inpatient Psychiatric Unit - Ward 1,Mental Health
Adult mental health,Mental Health
Adult Mental Health,Mental Health
Adult Mental Health (inpatient),Mental Health
Adult Mental Health (New Craigs inpatients),Mental Health
"Adult mental health (Wards 2,3)",Mental Health
Adult Mental Health Services,Mental Health
Adult mental health services,Mental Health
Adult mental health wards,Mental Health
Adult Physiotherapy Services,AHP
Adult psychiatry,Mental Health
Adult Psychotherapy,Mental Health
Adult wheelchair Clinic,AHP
Adult Wheelchair Clinic,AHP
Adults,Other
Advanced Heart Failure Service,Medicine
Advanced Nurse Practitioner (ANP),Other
Ailsa Hospital,Other
Airdrie Community Maternity,Maternity
Airdrie Home Support Service,Social care
Alexandra Unit (Palliative Care),Medicine
Alzheimer Scotland - Fife Service,Social Care
Alzheimers Scotland Stirling & Clackmannanshire Service,Community
Ambulance Control Centre,Emergency
Ambulatory Area,Emergency
Ambulatory Care,Emergency
Ambulatory Emergency Care (AEC),Emergency
Ambulatory Emergency Care Unit ( AECU),Emergency
Anaesthetics,Medicine
Anaphylaxis Service,Other
Angus - Children & Young People Physiotherapy,AHP
Angus - Children & Young People’s Occupational Therapy,AHP
Angus - Children & Young People’s Speech & Language Therapy,AHP
Angus - Children & Young Peoples Occupational Therapy,Paediatrics
Angus - Children & Young Peoples Speech & Language Therapy,Paediatrics
Angus Community Physiotherapy,AHP
Angus Community/District Nursing,Community
Angus Health Visiting,Community
Annan Hospital,Other
Antenatal and Postnatal (Ward 38),Maternity
Antenatal clinic,Maternity
Appliance & Orthotics,AHP
Appliances & Orthotics,AHP
Arduthie Ward,Medicine
Argyll and Bute Hospital,Other
Armistead Child Development Centre,Paediatrics
Arran,Other
Arran Medical Group,Primary care
Arran War Memorial Hospital,Community
Arrol Park Resource Centre,Primary care
Ashgill Care Home,Social Care
Assisted Conception Services,Community
Assisted Conception Unit,Community
Astley Ainslie Hospital,Other
Auchinleck Community and Resource Centre,Community
Audiology,Medicine
Audiology and Hearing Aid Service,AHP
Ayr Hospital,Other
Ayrshire & Arran Community Services,Primary care
Ayrshire Central Hospital,Other
Ayrshire Doctor on Call (ADOC),Primary care
Ayrshire Hospice,Social Care
Balfour Hospital,Other
Ballenden House,Mental Health
Ballochmyle Medical Group,Primary care
Barns Medical Practice,Primary care
"Barony Housing Care at Home, Fife",Social Care
Beatson West of Scotland Cancer Centre,Medicine
Bellfield Centre,Social Care
Bellshill Home Support Service,Social Care
Belmont Care Centre,Social Care
Biggart Hospital,Other
Bioengineering Clinic,AHP
Bioengineering clinic,AHP
Bioengineering clinic ,Community
Birmingham Community Healthcare NHS Foundation Trust,Community
Birmingham Community Healthcare NHS Trust,Other
Blairgowrie Community Hospital,Community
Blood and bone marrow conditions,Medicine
Blood Sciences,Other
Blood Transfusion Unit,
Blood vessel problems,Medicine
Blood vessel problems ( Vascular Ward 11a &11d),Medicine
"Bones, joint and fractures",Surgery
Border Caring Services,Social Care
Borders Addiction Service,Medicine
Borders Addictions Service,Medicine
Borders Community Services,Community
Borders Crisis Team,Mental Health
Borders Dialysis Unit,Medicine
Borders General Hospital,Hospital
Borders General Practices,Primary care
Borders Macmillan Centre,Medicine
Borders Urgent Care Centre,Emergency
Bourtreehill Medical Practice,Primary care
"Brain, spinal and nerve problems",Surgery
Brand Street Resource Centre,Mental Health
Breast care service,Medicine
Breast Clinic,Medicine
Breast Feeding Support Service,Maternity
Breast Services,Medicine
Breast Surgery,Surgery
Breastfeeding Support Service,Maternity
Breastfeeding Support service,Maternity
Breathing and lung problems,Medicine
"Breathing and lung problems (Respiratory Wards 7a, 7b, 7c & 7d)",Medicine
Breathing Space (Phoneline),Mental Health
Brodie Ward,Mental Health
Brooksby Day Hospital,Other
Brownlee Centre,Medicine
Burns Service,Surgery
Caithness General Hospital,Other
Cambuslang Community Maternity,Maternity
Cameron Hospital,Other
Cameron House,Social Care
CAMHS,Mental Health
CAMHS (Child & Adolescent Mental Health Service),Mental Health
CAMHS (Child & Adolescent Mental Health Services) Falkirk,Mental Health
CAMHS (Child & Adolescent MH service) Stirling,Mental Health
CAMHS Outpatient Team (Dundee),Mental Health
CAMHS Outpatient Team (Perth & Kinross),Mental Health
CAMHS Response Team,Mental Health
Cancer care,Medicine
Cancer care and Oncology,Medicine
Cancer services,Medicine
Cancer Services (Medical Oncology),Medicine
Canniesburn Hospital,Other
Cardiac Catherterisation,Medicine
Cardiac Physiology,Medicine
Cardiac Pre-Assessment,Medicine
Cardiac rehabilitation,Medicine
Cardiac Rehabilitation,Medicine
Cardiac Surgery,Surgery
Cardiology,Medicine
Cardiology & Coronary Care Unit,Medicine
Cardiology (Heart Conditions),Medicine
Cardiology (Heart Conditions)  Wards 6c & 6d,Medicine
Cardiology (heart problems) Ward 1E,Medicine
Cardiology (Ward 4),Medicine
"Cardiology (Wards 19, 24, 43a, 43b & 44a)",Medicine
"Cardiology (Wards 24, 43a, 43b & 44a)",Medicine
Cardiology / Coronary Care Unit,Medicine
Cardiology Outpatients,Medicine
Cardiology/Coronary Care Unit (Ward 18),Medicine
Cardiothoracic (Heart and Lung) Ward,Medicine
Cardiothoracic Surgery,Surgery
Care and Support at Home,Other
Care and Support Service (South),Social Care
Care at Home - North,Social Care
Care at Home Ayr North,Social care
Care at Home Ayr South,Social Care
Care at Home Maybole & Girvan,Other
Care at Home Service,Social Care
Care Home Liasion Team,Social Care
Care of older people,Medicine
Care of the Elderly,Medicine
Care of the Elderly (Wards 13-16),Medicine
"Care of the Elderly (Wards 14,20,21,22)",Medicine
"Care of the Elderly (Wards 14,20,22)",Medicine
Care of the Elderly (Wards 9-12),Medicine
Care of the Elderly Lockhart Unit,Medicine
Care of the Elderly Medicine,Medicine
Care of the Elderly Mental Health,Mental Health
Care of the Elderly Mental Health (Wards 19 & 20),Medicine
Care of the Elderly/Elderly Medicine,Medicine
Carrickstone House,Social Care
Castle Mey Ward,Other
Castle Suite,Social Care
Castleview Day Care,Community
Cataract Unit,Medicine
Chalmers Hospital,Other
Chemotherapy,Medicine
Chemotherapy Day Unit (Ward 15),Mental Health
Chest medicine,Medicine
Child & Adolescent Mental Health Service,Mental Health
Child & Adolescent Mental Health Services,Mental Health
Child & Adolescent Mental Health Services (CAMHS),Mental Health
Child and Adolescent Mental Health,Mental Health
Child and Adolescent Mental Health Service (CAMHS),Mental Health
Child and Adolescent Mental Health Services,Mental Health
Child and Adolescent Psychiatry,Mental Health
Child and Family Mental Health Services,Mental Health
Child Health Physiotherapy,AHP
Child Psychiatry,Mental Health
Children & Young People Services,Paediatrics
Children and Adolescent Mental Health Service (CAMHS),Mental Health
Children and Adolescents Mental Health Service,Mental Health
Children's A&E,Paediatrics
Childrens and Adolescence Mental Health Services (CAMHS),Mental Health
Children's Assessment Unit,Paediatrics
Children's Community Nursing,Paediatrics
Children's Community Services,Community
Children's Occupational Therapy,AHP
Childrens Services,Paediatrics
Children's services,Paediatrics
Children's Surgical Unit Ward 30,Surgery
Children's Ward,Paediatrics
Children's Ward 29,Paediatrics
Chipping Norton OOH,Primary care
Chiropody/Podiatry,AHP
Chronic Pain Service,Medicine
Circulation Problems (Vascular),Medicine
City Hospital,AHP
Clackmannanshire Community Healthcare Centre,Primary care
Clackmannanshire Learning Disability Team,Mental Health
Clan (Compassionate Lanarkshire),Social Care
Cleft Lip and palate Service,Surgery
Clincal Oncology,Medicine
Clinical assessment unit,Medicine
Clinical Decision Unit,Emergency
Clinical Genetics,Medicine
Clinical haematology,Medicine
Clinical Haematology (Ward 16),Medicine
Clinical Haematology (Ward 4c),Medicine
Clinical Intervention Unit,Medicine
Clinical Investigation Unit,Medicine
Clinical Investigations Unit,Other
Clinical Nurse Specialist Teams,Other
Clinical Oncology,Medicine
Clinical Pharmacology,Other
Clinical psychology,Other
Clinical Psychology,Other
Clinical Radiology (Diagnostic Radiology),Radiology
Clinical Short Stay,Medicine
Coatbridge Home Support Service,Social Care
Coatbridge Locality Support Service (Disability),Social Care
Coathill Hospital,Other
Colonoscopy,Medicine
Colorectal,Medicine
Colorectal Clinic,Medicine
Colorectal Unit,Medicine
Combined Assessment Unit,Emergency
Combined Assessment Unit (CAU),Emergency
Combined Child Health,Paediatrics
Communicable Diseases,Medicine
Communicable Diseases (Ward 5c),Medicine
Community Adult Mental Health Services,Mental Health
Community Based Services,Community
Community Blood Service,Community
Community Cardiac Specialist Service,Community
Community Care & Treatment (Minor Injuries),Community
Community Casualty Department,Community
Community Child Health,Community
Community Dental Practice,Dental
Community Dental Services ,Dental
Community Equipment Store,Other
"Community health (Physio, OT, SLT,Diet,Pod)",AHP
Community health and Care Services,Community
Community In-patient Wards,Community
Community In-Patient Wards,Community
Community In-patients Wards,Other
Community Macmillan Services,Medicine
Community Maternity Care,Maternity
Community Maternity service,Maternity
Community Maternity Services,Maternity
Community Maternity Unit,Maternity
Community Medicine For The Elderly (In Patient),Community
Community Mental Health,Mental Health
Community Mental Health (Dundee),Mental Health
Community mental health team,Mental Health
Community Mental Health Team,Mental Health
Community Mental Health Team (Adult),Mental Health
Community Mental Health Team (CMHT) - East Ayrshire,Mental Health
Community Mental Health Team (CMHT) - South Ayrshire,Mental Health
Community Mental Health Team (Elderly),Mental Health
Community mental health team outreach,Mental Health
Community midwifery,Maternity
Community Midwifery,Maternity
Community Midwifery Unit,Maternity
Community Midwives,Maternity
Community Nursing,Community
Community nursing,Community
Community Nursing ,Community
Community Nursing - East Ayrshire,Community
Community Nursing - South Ayrshire,Community
Community Nursing (ICST),Other
Community Nursing Service,Primary care
Community Nursing Team,Community
Community Occupational Therapy,AHP
Community Paediatrics,Paediatrics
Community Palliative Care,Community
Community Perinatal Mental Health Team,Mental Health
Community psychiatric nursing,Mental Health
Community Psychiatric Nursing,Mental Health
Community Psychiatric Team,Mental Health
Community Rehab,Community
Community Rehab Service,Other
Community Rehab Team,Community
Community Rehabilitation,Medicine
Community Social Work Eastwood,Other
Community Stroke Rehabilitation (In-Patient),Community
Community support,Community
Community Treatment Centre for Brain Injury,Community
Community/District Nursing Service,Community
Communty Mental Health Team,Mental Health
Complementary Therapy,Social Care
Complex Nutrition Service/Dietetics,Medicine
Consultant Led Unit,Other
Continence advisory service,Primary care
Continence service,AHP
Continence Service,AHP
Continence Services,Primary care
Contoured Seating Review Clinic,Other
Cooriedoon Care Home,Social Care
Cornhill Macmillan Cenre (Specialist Palliative Care Unit),Other
Cornwall Park,Social Care
Coronary Care Unit,Medicine
Coronary Care Unit (CCU),Medicine
Coronary Care Unit (CCU) (J Centre),Medicine
Corporate Equalities Team,Other
Corstorphine Hospital,Other
Covid 19 Vaccination Programme,Covid
COVID screening,Covid
Covid Vaccination Centre Moray,Covid
Covid Vaccination Centre shire,Covid
Covid Vaccination Programme,Covid
Covid Vaccination Service,Other
COVID-19 Testing Service,Covid
COVID-19 Vaccination Service,Covid
Crathes Ward,Mental Health
Crichton Ward,Paediatrics
Crieff (South Locality) Social Work Team,Social Care
Critical Care,Medicine
Critical Care (includes HDU & ITU),Medicine
Critical Care Unit (ICU/HDU),Medicine
Crosshouse Hospital,Other
Cumbernauld Community Maternity,Maternity
Cumbernauld Home Support Service,Other
Dalhousie Ward,Paediatrics
Davidson Cottage Hospital,Community
Day Care Service,Day Case
Day Care Unit (Ward 1c),Day Case
Day Case Unit,Day Case
Day Cases,Day Case
Day Hospital,Community
Day hospital,Community
Day Hospital ( Older People),Community
Day Intervention Unit,Day Case
Day Medicine,Medicine
Day Procedure Unit,Surgery
Day Services,Other
Day surgery,Surgery
Day Surgery,Surgery
Day surgery ,Surgery
Day Surgery Unit,Surgery
Day Surgery Unit (K south),Surgery
Day Unit Patient Area,Other
Dementia Care (inpatient),Mental Health
Dementia Outreach Team (DOT),Mental Health
Dementia Support Service,Mental Health
Dental,Dental
Dental ,Dental
Dental care,Dental
Dental Service,Dental
Dental suite,Dental
Dentistry,Dental
Department of Medicine for Elderly,Medicine
Department of Medicine for Elderly (Wards10 & 12),Medicine
Dept of Scheduled Admissions,Other
Dermatology,Medicine
Dermatology (Skin Conditions),Medicine
Dermatology (Skin Conditions) Ward 2a,Medicine
Dermatology Clinic,Medicine
Dermatology Outpatients,Medicine
Dermatology Treatment Centre,Medicine
Diabetes,Medicine
Diabetes & Endocrine,Medicine
Diabetes & Endocrinology,Medicine
Diabetes (Wards 5a &5b),Medicine
Diabetes care,Medicine
Diabetes care (Ward 10),Medicine
Diabetes Clinic,Medicine
Diabetes Clinic/Centre,Medicine
Diabetes Nursing,Other
Diabetes service,Medicine
Diabetes Specialist Nurse service,Medicine
Diabetes/Endocrinology,Medicine
Diabetic Care Team,Medicine
Diabetic medicine,Medicine
Diabetic Nursing clinic,Medicine
Diabetic Outpatients,Medicine
Diagnostic Imaging,Radiology
Diagnostics,Other
Dietetics,Medicine
Dietetics ,AHP
Dietetics - East Ayrshire,AHP
Dietetics and Nutrition,AHP
Dirrans Centre,Community
Dirrans Centre (including rehab),Community
Discharge Hub,Other
Discharge Lounge,Other
Discharge lounge,Other
District Nursing,Primary care
District Nursing Team - Kilmarnock,Community
District Nursing Teams - Kilmarnock,Community
Douglas Grant Rehabilitation Centre,AHP
Douglas Street Community Health Clinic,Primary care
Dr Gray's Hospital,Other
Drum Ward,Mental Health
Drumchapel Hospital,Other
Dudhope House,Other
Dumfries & Galloway Royal Infirmary,Other
Dundee - Children & Young People’s Occupational Therapy,AHP
Dundee - Children & Young Peoples Occupational Therapy,AHP
Dundee City Council - Home Care - Locality Teams and Housing with Care - East,Social Care
Dundee Dental Hospital,Dental
Dundee District Nursing,Community
Dundee Enhanced Care at Home Services,Other
Dundee Health Visiting,Community
Dunfermline and West Fife Mainstream Home Care and Support Service,Social Care
Dunnottar Ward,Mental Health
Dunoon General Hospital,Other
Dunvegan Ward,Other
DVT Clinic,Community
"Ear, Nose & Throat",Medicine
"Ear, Nose & Throat ",Medicine
"Ear, Nose & Throat (Ward 11b)",Surgery
"Ear, Nose & Throat (ward 3b)",Surgery
"Ear, Nose & Throat (Ward 9)",Surgery
"Ear, Nose & Throat / Audiology",Medicine
"Ear, nose and throat",Surgery
"Ear, Nose and Throat",Surgery
"Ear, Nose and Throat Outpatients Area 4",Surgery
"Ear, nose, throat, head & neck surgery outpatients",Surgery
Early Cancer Diagnosis Centre (ECDC),Medicine
Early Pregnancy Assessment,Maternity
Early Pregnancy Assessment Service,Maternity
Early Pregnancy Assessment Service (EPAS),Maternity
East Ayrshire Community Hospital,Community
East Ayrshire Council,Other
East Fife Care at Home service,Social Care
East Scotland Breast Screening Centre,Medicine
East/West Brigs Ward,Medicine
East/West Community Mental Health Team,Mental Health
East/West Community Mental Health Teams,Mental Health
Eastvale Resource Centre & Day Hosp,Community
Edenview Ward,Community
Edinburgh Breast Unit,Medicine
Elderly Care,Medicine
Elderly Community Mental Health Service,Mental Health
Elderly medicine,Medicine
"Elderly Medicine (12, 14, 18, 23, 29, 30, 32, 33,35 ,39 & 53)",Medicine
Elderly Medicine (Ward 1 and 2),Medicine
"Elderly Medicine (ward K south, 2 & 3 Larkfield Unit)",Medicine
Elderly Medicine (wards 14 & 15),Medicine
"Elderly Medicine (wards 2a, 2b, 2c, 3a, 3c, 4c, 5c, 8a & 8c)",Medicine
"Elderly Medicine (wards 2b, 2c, 3a, 3c, 4c, 5c, 8a & 8c)",Medicine
Elderly Medicine (wards 3-7 & 26),Medicine
"Elderly Medicine (Wards 51, 52, 54,55, 57 & 8a)",Medicine
"Elderly Medicine (Wards 51, 52, 54,55, 57, 8a & 2a)",Medicine
Elderly mental health,Mental Health
Elderly Mental Health,Mental Health
Elderly Rehabilitation,AHP
Elective Orthopaedics,Surgery
Ellen's Glen House,Other
Ellisland Day Care,Community
Emergency Ambulance,Emergency
Emergency ambulance,Emergency
Emergency Care,Emergency
Emergency Care Ambulatory Service (ECAS),Emergency
Emergency department,Emergency
Emergency Department,Emergency
Emergency Dental Treatment Centre Level 1,Dental
Emergency Medicine,Emergency
Emergency Theatres,Emergency
Endocrinology,Medicine
Endocrinology (Hormones),Medicine
Endocrinology (Ward 12),Medicine
Endocrinology and Diabetes,Medicine
Endocrinology Outpatients,Medicine
Endoscopy,Medicine
Endoscopy ,Surgery
Endoscopy and day care,Medicine
Endoscopy Unit,Surgery
Energy Efficient Clinic,Other
ENT,Surgery
Eyebrow Tattoo Service,Other
Eyemouth Day Hospital,Other
Falkirk Community Hospital,Community
Falkirk Community Learning Disability Team,Mental Health
Family Nurse Partnership,Community
Family Planning Service ,Community
Family Planning/Sexual Health,Community
Ferryfield House,Other
Fife Community Cardiac Team,Community
Fife Community Services,Community
Fife Council,Other
Fife Day Care Services,Other
Findlay House,Other
Florence Street Clinic,Other
Forensic & Specialist mental health services,Mental Health
Formartine Health Visitors,Community
Forth Valley Community Services,Social Care
Forth Valley NHS Board,Other
Forth Valley Royal Hospital,Other
Fracture Clinic,Surgery
Fracture Clinic (orthopaedics),Surgery
Fracture Liaison Clinic,Surgery
Fracture Liaison service,Medicine
Galloway Community Hospital,Community
Gartnavel General Hospital,Other
Gartnavel Royal Hospital,Other
Gastroenterology,Medicine
Gastroenterology (stomach and gut problems),Medicine
"Gastroenterology (Stomach and gut problems) Wards 8b, 8c &8d",Medicine
Gastroenterology (Stomach and Gut),Medicine
Gastroenterology (Ward 10),Medicine
Gender Based Violence Service,Other
General Internal Medicine,Medicine
General Medicine,Medicine
General medicine,Medicine
"General Medicine ( wards G North, G South, J North, J South & L South)",Medicine
General Medicine (Lomond Ward),Medicine
"General Medicine (Wards 2,10,12 and 17)",Medicine
"General Medicine (Wards 3, 4, 5 &46)",Medicine
General Medicine (Wards 5 & 8),Medicine
General medicine (Wards 5d),Medicine
"General Medicine (wards 8, 10, 11, 14, 18 & 27)",Medicine
General Medicine (Wards 9-12),Medicine
General practices in Ayrshire & Arran,Primary care
General Practices in D&G,Primary care
General practices in Dumfries and Galloway,Primary care
General practices in Fife,Primary care
General practices in Forth Valley,Primary care
General Practices in Grampian,Primary care
General practices in Greater Glasgow & Clyde,Primary care
General practices in Lanarkshire,Primary care
General practices in Lothian,Primary care
General Practices in NHS Highland,Primary care
General practices in Tayside,Primary care
General Psychiatry,Mental Health
General Psychiatry (Mental Health),Mental Health
General Surgery,Surgery
General surgery,Surgery
"General Surgery (excl Vascular, Maxillofacial)",Surgery
General Surgery (ward 4a),Surgery
General Surgery (Ward 5),Surgery
General Surgery (Ward 7),Surgery
General Surgery (Wards 16-18),Surgery
"General Surgery (wards 19, 20, 24, 26 &29)",Surgery
"General Surgery (wards 19, 20, 26 &29)",Surgery
General Surgery (Wards 4 & 7),Surgery
"General Surgery (Wards 5, 6 & 8)",Surgery
"General Surgery (wards 64, 65, 66,& 67)",Surgery
"General surgery (Wards 9a, 9b, 9c & 9d)",Surgery
General Ward ,Medicine
General Wards,Medicine
Genetics,Medicine
Geriatric Assessment,Medicine
Geriatric Medicine,Medicine
Gilbert Bain Hospital,Other
Girvan Community Hospital,Community
Glasgow Association for Mental Health,Mental Health
Glasgow City Council,Other
Glasgow Community Services,Community
Glasgow Dental Hospital and School,Dental
Glasgow Homeopathic Hospital,Other
Glasgow Royal Infirmary,Other
Glen O' Dee Hospital,Other
Glen O'Dee Hospital,Other
Glenrothes Hospital,Other
GMED,Other
GMED (Grampian Medical Emergency Department),Emergency
Gmed Base (Medical Emergency Department),Other
Golden Jubilee National Hospital,Other
GP Acute Medicine,Primary care
GP Out of Hours,Primary care
GP Out of Hours (BECS),Primary care
GP Out of Hours service,Primary care
GP Out of Hours Service,Primary care
GP out of hours service (LUCS),Primary care
GP Out-of-Hours Emergency Service,Primary care
Grampian Community Services,Community
Grampian medical emergency department (GMED),Emergency
Gynaecology,Maternity
Gynaecology & Early Pregnancy Inpatients (Ward 36),Maternity
Gynaecology (Ward 13),Maternity
Gynaecology (Ward 16),Maternity
Gynaecology (Ward 32),Maternity
Gynaecology (Ward 49),Maternity
Gynaecology (Ward 7),Maternity
Gynaecology Assessment Unit,Medicine
Gynaecology Clinic,Maternity
Gynaecology Inpatients (Ward 36),Maternity
Gynaecology Oncology Service,Medicine
Gynaecology Outpatients,Maternity
Gynaecology Rapid Access Unit,Maternity
Gynaecology Services,Maternity
H North (Surgical),Surgery
Haematology,Medicine
Haematology/Oncology Day Patient Unit,Medicine
Haematology/Oncology Day Unit,Medicine
Haemotology,Medicine
Hairmyres Hospital,Other
Hand Trauma service,Surgery
Hanover Care at Home / Housing Support Service - Dalry,Social Care
HARP (Heart and Respiratory Patients),Medicine
Health and Wellbeing Hub,Other
Health Visiting,Community
Health visiting,Community
Health Visitors,Community
Health Visiting Team,Community
Heart conditions,Medicine
Heathfield Suite,AHP
High Dependancy Unit,Medicine
High dependency unit,Medicine
High Dependency Unit,Medicine
High Dependency Unit & Intensive Care Unit,Medicine
High Dependency Unit (HDU),Medicine
Highland,Other
Highland Community Services,Community
Highland Wheelchair and Seating service,AHP
Home Care and Reablement Service,Social Care
Home Care Service - Care at Home,Social Care
Home Instead,Other
Hospital @ Home (Midlothian),Community
Hospital @ Night,Other
Hospital at Home,Community
Hospital At Home Team,Community
Hospital at Home Team Falkirk,Community
Hospital at Home Team Stirling,Community
Hospital at Night,Medicine
Hospital Palliative Care Team,Medicine
Hospital Palliative Care Team/HSPCT,Medicine
Hospital to home service,Community
HRM Homecare Services Ltd,Social Care
Huntlyburn Ward,Mental Health
Hydrotherapy,AHP
IDEAS team,Other
Imaging,Radiology
Imaging (Xrays and Scans),Radiology
Immunisation Service,Medicine
Immunisation Team,Medicine
Immunology,Medicine
Infectious Diseases,Medicine
Infectious Diseases (Ward 42),Medicine
Infectious Diseases Unit,Medicine
Initial Assessment Unit,Emergency
Injuries and Emergency Care (Accident and Emergency),Emergency
Inpatient Care,Mental Health
Inpatient Unit,Other
Inpatient Ward,Other
In-Patients Physiotherapy,AHP
Institute of Neurological Sciences,Medicine
Integrated Assessment Team (IAT),Other
Integrated Children's Nursing Team,Paediatrics
Integrated Community Assessment and Support Service,Community
"Integrated Older People's Service, Day Hospital",Other
Intensive & Critical Care,Medicine
Intensive Care,Medicine
Intensive care unit,Medicine
Intensive Care Unit,Medicine
Intensive Care Unit (ICU),Medicine
Intensive home treatment team,Community
Intensive psychiatric care,Mental Health
Intensive psychiatric care unit,Mental Health
Intensive Therapy Unit (ITU),Medicine
Intermediate Care Team,Community
Intermediate Care Teams (including reablement),Community
Interventional Cardiology,Medicine
Interventional Radiology,Radiology
Inverclyde Royal Hospital,Other
Inverurie Hospital,Hospital
IPCU (Ward 1),Medicine
Islay Hospital,Other
Joint conditions,Surgery
Jubilee Hospital,Other
Kaim Court,Other
Kersiebank Medical Practice,Paediatrics
Kidney medicine and dialysis,Medicine
Kincardine Community Hospital,Community
Kings Cross Health and Community Care Centre,Social Care
Kings Cross Hospital,Other
Kirklands Hospital,Other
Kirklandside Hospital,Other
Labour suite,Maternity
Labour Suite,Maternity
Labour suite maternity,Maternity
Lady Home Cottage Hospital,Community
Lanarkshire Carers,Other
Lanarkshire Community Services,Community
Larkfield Unit,Other
Larkfield unit- Ward 4 Older People's Mental Health,Mental Health
Lauriston Building,Community
Lawson Memorial Hospital,Other
Learning disabilities,Mental Health
Learning disability,Mental Health
Learning Disability Occupational Therapy,AHP
Learning Disability Transitions to Adult Services,Other
Leith Community Treatment Centre,Community
Lerwick Health Centre,Primary care
Liaison psychiatry,Mental Health
Liaison Psychiatry,Mental Health
Liberton Hospital,Other
Lightburn Hospital,Other
Little Cairnie Hospital,Other
Livilands Resource Centre,Mental Health
Lockhart Hospital,Community
Logan Practice,Primary care
Lorn & Islands Hospital,Other
Lothian Community Services,Community
Ludgate House Resource Centre,Social Care
Lung Cancer Clinical Nurse Specialist Team,Medicine
Lung Cancer Services,Medicine
Lynebank Hospital,Other
Mackinnon House,Mental Health
Macmillan Day Centre,Medicine
Macmillan Day Unit,Medicine
Macmilllan and Palliative Care Services,Medicine
Major Trauma Centre,Surgery
Manual Wheelchair Clinic ,AHP
Marie Curie nursing,Community
Marie Curie Nursing Service - Care at Home,Social Care
Maternity,Maternity
Maternity & Paediatric Theatres,Surgery
Maternity and Neonatal Psychological Intervention service,Maternity
Maternity Assesment/Triage,Maternity
Maternity Assessment,Maternity
Maternity Assessment Unit,Maternity
Maternity Assessment/Triage,Maternity
Maternity care,Maternity
maternity care,Maternity
Maternity Care (outpatients),Maternity
Maternity care (Ward 17),Maternity
Maternity care (Ward 31),Maternity
Maternity care (Ward 47),Maternity
Maternity care (Ward 48),Maternity
Maternity care (Ward 50),Maternity
Maternity care (Ward 68),Maternity
Maternity care (Ward 72),Maternity
Maternity care (Ward 73),Maternity
Maternity Care (Wards 21-24),Maternity
"Maternity care (Wards 47, 48 & 50)",Maternity
"Maternity care (wards 68, 72 &73)",Maternity
Maternity Day Care,Maternity
Maternity Out Patient Department,Maternity
Maternity Outpatients,Maternity
Maternity unit,Maternity
Maternity Ward,Maternity
Maternity/Midwifery,Maternity
Max in the Middle (Health & Wellbeing programme),Community
ME service,Medicine
Mearnskirk House,Other
Medical Assessment Unit,Medicine
Medical Assessment Unit (MAU),Emergency
Medical Day Unit,Medicine
Medical Diabetics (Ward 6),Medicine
Medical HDU (Ward 52),Medicine
Medical High Dependancy Unit,Medicine
Medical High Dependency,Medicine
Medical High Dependency Unit (MHDU Ward 18),Medicine
Medical High Dependency Unit (MHDU),Medicine
Medical imaging,Radiology
Medical Oncology,Medicine
Medical Oncology (Ward 16),Medicine
Medical Paediatrics (Children's Medicine),Paediatrics
Medical Physics,Medicine
Medical/Gastroenterology (Ward 11),Medicine
Medicine for the Elderly,Medicine
Medicine of the Elderly,Medicine
Mental Health,Mental Health
Mental health,Mental Health
Mental Health (Wards 19 &20),Mental Health
Mental Health Acute Assessment and Treatment Service (MHAATS),Mental Health
Mental Health Acute Liaison,Mental Health
Mental health care,Mental Health
Mental Health for Older Adults,Mental Health
Mental Health for Older Adults (Cauldshiels),Mental Health
Mental Health for Older Adults (Lindean Ward),Mental Health
"Mental Health for Older Adults Central and East, Firholm Day Unit",Mental Health
"Mental Health for Older Adults Central and West, Firholm Day Unit",Mental Health
Mental health for older adults. East & South,Mental Health
Mental Health Hub,Mental Health
Mental Health Inpatient Service,Mental Health
Mental Health outpatients,Mental Health
Mental Health Outpatients,Mental Health
Mental Health outpatients (older adults),Mental Health
Mental Health Physiotherapy,Mental Health
Mental health resource centre,Mental Health
Mental Health Service,Mental Health
Mental Health Services,Mental Health
Midlothian Community Hospital,Community
Midpark Hospital,Other
Midwife Led Unit,Maternity
Midwifery,Maternity
Midwives,Maternity
Minor Injuries,Emergency
Minor Injuries Assessment Service,Emergency
Minor Injuries Clinic,Emergency
Minor Injuries Unit,Emergency
Minor injuries unit,Emergency
Minor Procedures Unit,Surgery
Minor Surgery,Surgery
Mobility and Rehabilitation Service,AHP
Moffat Community Hospital,Community
Monklands District General Hospital,Other
Montfield Hospital,Other
Montrose House,Other
Moray Public Dental Services,Dental
Motherwell Home Support Service,Other
MSK Physio Team,AHP
MSK Physiotherapy service (Musculoskeletal),AHP
Muirpark (Short Term Rehab),AHP
Musculoskeletal (MSK) Hub,Surgery
Musculoskeletal Service (MSK),Surgery
Music Therapy,AHP
Nail Surgery Service,Surgery
Nairn Town and County Hospital,Other
"National Hospital for Neurology & Neurosurgery, Queen Square",Other
Neonatal  Unit,Maternity
Neo-natal Intensive Care,Maternity
Neonatal Intensive Care Unit (NICU),Maternity
Neonatal Unit,Maternity
Neonatal Unit (Special Care Baby Unit),Maternity
Neonatology,Maternity
Nephrology,Medicine
Neuro Rehabilitation,AHP
Neurology,Medicine
Neurology ( Wards 60-65),Medicine
"Neurology (Brain, Spinal and Nerves)",Medicine
Neuropsychology,Medicine
Neurosciences (DCN),Medicine
Neurosurgery,Medicine
Neurosurgery (Brain and Spinal Surgery),Surgery
Neurosurgery (Ward 64 – 66),Surgery
New Craigs Hospital,Mental Health
New Victoria Hospital,Other
Newton Stewart Hospital,Other
NHS 24,Other
NHS 24 (111 service),Urgent Triage
NHS Ayrshire & Arran,Other
NHS Borders,Other
NHS Bury CCG,Other
NHS Direct NHS Trust,Other
NHS Dumfries and Galloway,Other
NHS Fife,Other
NHS Forth Valley,Other
NHS Grampian,Other
NHS Greater Glasgow & Clyde,Other
NHS Highland,Other
NHS Inform - COVID Helpline,Covid
NHS Lanarkshire,Other
NHS Lothian,Other
NHS Orkney,Other
NHS Scotland,Other
NHS Shetland,Other
NHS Solihull CCG,Other
NHS Tayside,Other
NHS Western Isles,Other
Ninewells Hospital,Other
Non- Alcoholic Fatty Liver Disease Clinic (NFLD),Medicine
North and Kilmarnock,Social Care
North Ayrshire Council,Other
"North Ayrshire Council - Irvine, Garnock Valley and Community Alarm",Other
"North Ayrshire Council - Three Towns, North Coast and Arran",Other
North East Scotland Breast Screening Centre,Medicine
North Lanarkshire,Other
North of Scotland Breast Screening Centre,Medicine
Nuclear medicine,Medicine
Nuclear medicine (diagnostics),Medicine
Nursery Court Day Service,Other
Nursing and Child Health,Paediatrics
Nutrition,AHP
Nutrition and Clinical dietetic services,AHP
Observation Led Unit,Other
Obstetric Ultrasound/Scan,Maternity
Obstetrics (Maternity care),Maternity
Occupational Health,AHP
Occupational Therapy,AHP
Occupational Therapy ,AHP
Occupational therapy - East Ayrshire,AHP
Occupational therapy - South Ayrshire,AHP
Oesophageal Lab,Other
Old Age Psychiatry,Mental Health
Old age psychiatry,Mental Health
Older Adult CMHT  Falkirk,Mental Health
Older Adult CMHT  Stirling,Mental Health
Older Adult CMHT – Stirling,Other
Older adults mental health,Mental Health
Older Adults Mental Health services,Mental Health
Older people's care,Medicine
Older people's care (inpatient),Medicine
Older people's healthcare,Medicine
Older people's mental health,Mental Health
"Older people's mental health (wards 4,5)",Mental Health
Older people's rehabilitation and assessment,AHP
Older peoples' services,Medicine
Oncology,Medicine
Oncology / Cancer Pathway,Medicine
Oncology unit,Medicine
Ophthalmology,Medicine
Ophthalmology & Optometry,Surgery
Ophthalmology (Eye Problems),Medicine
Ophthalmology (eye problems) (Ward 1c),Surgery
Ophthalmology Outpatients,Medicine
Opthalmology,Surgery
Opthamology,Medicine
Oral and Maxillofacial Surgery,Surgery
Oral and maxillofacial surgery,Surgery
Oral and Maxillo-facial Surgery & Medicine,Surgery
Oral Surgery & Medicine,Medicine
Oral Surgery & Medicine ( Wards 63-66),Surgery
Oral Surgery/maxillofacial,Surgery
Orthodontics,Dental
Orthopaedic Advanced Nurse Practitioner (ANP),Surgery
Orthopaedic National Treatment Centre,Surgery
Orthopaedic Outpatient Department,Surgery
Orthopaedic Outpatient Service,Surgery
Orthopaedic Outpatients,Surgery
Orthopaedic Rehabilitation,Surgery
Orthopaedic Trauma Surgery,Surgery
Orthopaedics,Surgery
"Orthopaedics (Bones, Joints and Fractures)",Surgery
Orthopaedics (ward 2a),Surgery
"Orthopaedics (Wards 10a, 10b, 10c &10d)",Surgery
Orthopedic Rehab,Surgery
Orthoptic Services,AHP
Orthoptics,AHP
Orthotics,AHP
Orthotics Department,AHP
Osteoporosis Service,Medicine
Out of Hours,Primary care
Out of Hours GP,Primary care
Out of Hours GP Service,Primary care
Out of Hours Service,Primary care
Out Patient Clinics,Outpatient
Out Patient Department,Outpatient
Out Patients Department,Outpatient
Out-of-Hours,Primary care
Out-of-hours GP service,Primary care
Outpatient  Parenteral Antibiotic Therapy (OPAT),Outpatients
Outpatient Clinic,Outpatients
outpatient department,Outpatients
Outpatient Services,Outpatients
Outpatients,Outpatients
Outpatients Antibiotic Therapy (OPAT),Outpatients
Outpatients Centre,Outpatients
Outpatients Department,Outpatients
Outreach clinics,Social Care
Overmills,Social Care
Paediatric Assessment Unit (Children's Assessment Unit),Paediatrics
Paediatric Eye Clinic,Paediatrics
Paediatric General clinic,Paediatrics
Paediatric Intensive Care Unit (PICU) Ward 1D,Paediatrics
Paediatric Ophthalmology,Other
Paediatric orthopaedics,Paediatrics
Paediatric Powered Wheelchair Clinic,Paediatrics
Paediatric surgery,Paediatrics
Paediatric Surgery,Paediatrics
Paediatric surgery ( Wards 3A & 3B),Paediatrics
Paediatric Unit,Paediatrics
Paediatric Wheelchair Clinic,Paediatrics
Paediatrics wards (19 & 20),Paediatrics
Paediatrics,Paediatrics
Paediatrics (Ward 15),Paediatrics
Paediatrics Major Trauma team,Paediatrics
Pain clinic,Surgery
Pain management,Medicine
Pain management ,Medicine
Pain Management Service,AHP
Pain Service,Medicine
Pain Services ,Medicine
Palliative Care,Medicine
Palliative care,Medicine
Palliative Care and Hospice,Social care
Palliative Care Rehabilitation Service (Kylesku Ward),Medicine
Palliative Care Team,Medicine
Palliative medicine,Medicine
Papworth Hospital,Other
Patient Opinion,Other
Patient Transport,Patient Transport
Patient Transport Service,Patient Transport
Perinatal & Infant Mental Health Community Nurses (Angus),Mental Health
Perinatal & Infant Mental Health Community Nurses (Perth & Kinross),Mental Health
Perinatal Mental Health Service,Mental Health
Perinatal Mental Health Team,Mental Health
Perinatal Service,Maternity
Perth & Kinross Children & Young People’s Physiotherapy,AHP
Perth & Kinross Children & Young Peoples Physiotherapy,AHP
Perth & Kinross Community Physiotherapy,AHP
Perth & Kinross Community Podiatry,AHP
Perth & Kinross Health Visiting,Community
Perth & Kinross North District Nursing,Community
Perth & Kinross South District Nursing,Community
Perth City Community Physiotherapy Team,AHP
Perth City Occupational Therapy,AHP
Perth Royal Infirmary,Other
Peter Brunt Centre,Medicine
Peterhead Community Hospital,Community
Peterhead Hospital,Other
Pharmacy,Community
Phlebotomy,Surgery
Physically Disabled Rehabilitation Unit ( PDRU),AHP
Physio,AHP
Physio@Home,AHP
Physiological Measurement,Community
Physiotherapy,AHP
physiotherapy,AHP
Physiotherapy ,AHP
Physiotherapy - East Ayrshire,AHP
Physiotherapy - South Ayrshire,AHP
Physiotherapy (A&E),AHP
Physiotherapy (inpatients),AHP
Physiotherapy (mental health),AHP
Physiotherapy (outpatients),AHP
Physiotherapy Services,AHP
Pitlochry Community Hospital,Community
Planned Surgical Admissions Unit,Medicine
Plastic surgery,Surgery
Plastic Surgery,Surgery
Plastic Surgery & Burns,Surgery
"Plastic Surgery & Burns (wards 45, 47, 48 & 49)",Surgery
Plastic Surgery Outpatients Area 3A,Surgery
Play Service,AHP
Play Team,Paediatrics
Podiatry,Medicine
Podiatry - East Ayrshire,AHP
Powered Wheelchair Clinic,AHP
Powered Wheelchair clinic ,AHP
Poynder View Day Centre,Mental Health
Pre Admission Assessment,Emergency
Pre Operative Assessment,Surgery
Pre-assessment,Surgery
Pre-Assessment,Surgery
Pre-Assessment Clinic,Surgery
Pre-Op Assessments,Surgery
Pre-Operative Assessment,Surgery
Pre-Operative Assessment Clinic,Surgery
Pre-Operative Assessment clinic,Surgery
Pre-operative Assessment Clinic,Surgery
Primary Care Occupational Therapy,Primary care
Princess Alexandra Eye Pavillion,Medicine
Prosthetics/Orthotics,AHP
Psychiatry,Mental Health
Psychiatry of Old Age,Mental Health
Psychological Resilience Hub,Other
Psychological therapies,Other
Psychological Therapy,Mental Health
Psychology,Other
Psychotherapy,Mental Health
Public Dental Service (Tayside),Dental
Pulteney House (Care Home),Social Care
Queen Elizabeth University Hospital Glasgow,Other
Queen Margaret Hospital,Other
Queens Care Home,Social Care
Quit your Way,Other
Quit Your Way Scotland,Other
Radiography,AHP
radiology,Radiology
Radiology,Radiology
Radiology (X-rays and Scans),Radiology
Radiotherapy,Medicine
Raigmore Hospital,Other
Rainbow Services,Social Care
Rapid Access and Discharge,Emergency
Rapid Assessment and Care Unit (RAC),Emergency
Rapid Cancer Diagnostic Service (RCDS),Medicine
Rapid Response Team,Community
Reablement Service,Social care
ReACH Falkirk,Social Care
Recovery & rehabilitation,AHP
Regional Mental Health Services,Mental Health
Rehab,Mental Health
Rehab Nursing,Other
Rehab Services Eastwood,Other
Rehabilitation,AHP
Rehabilitation ,AHP
Rehabilitation & Recovery,Other
Rehabilitation (inpatient),AHP
Rehabilitation and reablement,Medicine
Rehabilitation and Reablement,Medicine
Rehabilitation Clinic,AHP
Rehabilitation Medicine,Medicine
Rehabilitation Services,AHP
Renal,Medicine
Renal (Nephrology),Medicine
Renal (Ward 1),Medicine
Renal (Ward 3c),Medicine
Renal and Transplant Services,Medicine
"Renal and Transplant Services (Ward 4a, 4c & 4d)",Medicine
"Renal and Transplant Services (Ward 4a, 4d)",Medicine
Renal dialysis,Medicine
Renal Dialysis,Medicine
Renal Dialysis (Ward 6d),Medicine
Renal Dialysis Unit,Medicine
Renal Inpatients (Ward 22),Medicine
Renal Medicine,Medicine
Renal Medicine (Kidney),Medicine
Renal Outpatient Clinic,Medicine
Renal outpatients,Medicine
Renal Outpatients,Medicine
Renal Supportive Care,Medicine
Renal Unit,Medicine
Renal unit,Medicine
Reproductive Health (Simpson Centre),Medicine
Reproductive Medicine,Medicine
Respiratory Liaison Service (Outpatients),Medicine
Respiratory Medicine,Medicine
Respiratory medicine,Medicine
Respiratory Medicine (Breathing and Lung Problems),Medicine
Respiratory Medicine (Ward 12),Medicine
Respiratory Medicine (Ward 17),Medicine
Respiratory Medicine (Ward 7),Medicine
"Respiratory Medicine (Wards 2, 6,7 10 & 16)",Medicine
Rheumatology,Medicine
Rheumatology ( Wards 6a & 6b),Medicine
Rheumatology (Joint conditions),Medicine
Rheumatology (ward 3c),Medicine
Rheumatology (wards 15/28 & 20/21),Medicine
Royal Aberdeen Children's Hospital,Paediatrics
Royal Alexandra Children's Hospital,Paediatrics
Royal Alexandra Hospital,Other
Royal Cornhill Hospital,Other
Royal Edinburgh Hospital,Mental Health
Royal Hospital for Children (Glasgow),Paediatrics
Royal Hospital for Sick Children (Edinburgh),Paediatrics
Royal Hospital for Sick Children (Yorkhill),Paediatrics
Royal Infirmary of Edinburgh at Little France,Other
Royal Victoria Hospital,Other
Rutherglen and Hamilton West,Other
Same Day Admissions Unit,Emergency
Sandyford Clinic,Medicine
School Nursing,Community
Scottish Ambulance Service,Other
Scottish Elective Unit,Other
Scottish Emergency Dental Service,Dental
Scottish National Blood Transfusion Service,Other
SEAL (Surgical Elective Admission Lounge),Surgery
Self Management Pilot,Other
Sexual and Reproductive Health,Community
Sexual Health,Medicine
sexual health,Medicine
Sexual health & Reproductive services - Drumhar Health Centre,Community
Sexual Health clinic,Community
Shawpark Resource Centre,Social Care
Sheffield Teaching Hospitals NHS Foundation Trust,Other
Short Stay Medicine,Medicine
Short Stay Surgery,Surgery
Single point of contact service,Other
Skin conditions,Medicine
Skye Unit (Glasgow Adolescent Inpatient Unit),Mental Health
Sleep Medicine,Medicine
Social work services,Social Care
Social work services (65+),Social Care
Social Work teams - North,Social Care
South Ayrshire Home Care,Social Care
South Community Mental Health service,Mental Health
South East Scotland Breast Screening Centre,Medicine
South Locality Occupational Therapy,AHP
South London And Maudsley NHS Foundation Trust,Mental Health
South Ward,Other
South West Scotland Breast Screening Centre,Medicine
Southern General Hospital,Other
Special Care Baby Unit,Paediatrics
Special care baby unit,Paediatrics
Special Needs in Pregnancy Team (SNIPS),Maternity
Special Seating Clinic (Kirklands Hospital),AHP
Specialist Assessment & Treatment Area (SATA),Emergency
Specialist Drugs and Alcohol Service,Medicine
Speech &  Language Therapy,AHP
Speech & Language Therapy,AHP
Speech & Language Therapy - East Ayrshire,AHP
Speech and Language Therapy,AHP
Speech and language therapy,AHP
Speech and Language Therapy (Speech Therapy),AHP
Spinal injuries unit,Surgery
Spiritual Care/Chaplaincy,Other
Springpark Resource Centre/Day Hosp,Other
St Andrews Community Hospital,Other
St John's Hospital,Other
STARS (Short Term Assessment Reablement Service),Community
Stirling Care Village,Social Care
Stirling Community Hospital,Community
Stirling Mental Health Resource Centre,Primary care
Stirling Royal Infirmary,Other
Stobhill Hospital,Other
Stomach and gut problems,Medicine
Stonehouse Hospital,Other
Stop Smoking Service,Community
Stracathro Hospital,Other
Strathmore Hospice,Other
Stroke,Medicine
Stroke and Rehab,Medicine
Stroke care,Medicine
Stroke Care,Medicine
"Stroke care (Ward 17, 31, 36)",Medicine
Stroke care (Ward 33),Medicine
Stroke care (ward 36),Medicine
Stroke care (Wards 68),Medicine
Stroke care and rehabilitation,Medicine
Stroke Medicine,Medicine
Stroke Rehabilitation Team,Other
Stroke Transition & Rehabilitation Team (START),Medicine
Stroke Unit,Medicine
Stroke Unit (Ward 11),Medicine
Stroke/Care of the Elderly,Medicine
Surgical Admissions Unit,Surgery
Surgical Assessment Unit,Emergency
Surgical Day Bed Unit,Surgery
Surgical HDU,Surgery
Surgical High Dependency,Surgery
Surgical High Dependency Unit (SHDU),Surgery
Surgical Observation Unit,Surgery
Surgical Paediatrics (Children's Surgery),Paediatrics
Surgical Receiving Unit (Ward 4),Surgery
Surgical short stay unit,Surgery
Surgical Skin Care,Surgery
Surgical Skin Team,Surgery
Surgical Unit,Surgery
Tattoo Service,Other
Tayside Community Services,Community
TESS (Eating Disorder Team),
The Cathcart Street Medical Practice,Primary care
The Centre for Brain Injury Rehabilitation,Medicine
The Edinburgh Crisis Centre,Mental Health
The Knoll Hospital,Other
The Lanarkshire Beatson,Other
The Meadows,Other
The Princess Royal Maternity Unit,Maternity
Theatre,Surgery
Theatre & Recovery,Surgery
Theatre Recovery,Surgery
Theatres,Surgery
"Theatres, Recovery & Anaesthetics",Surgery
"Theatres, Recovery and Anaesthetics",Surgery
"Theatres, recovery and Anesthetics",Surgery
Therapies & Rehab,AHP
Thistle Suite,
Thoracic Surgery,Surgery
Thorney Croft,Social Care
Tippethill Hospital,Other
Transplants,Surgery
Trauma & orthopaedics,Surgery
Trauma & orthopaedics (Ward 9),Surgery
Trauma & Orthopaedics (Wards 1 & 5),Surgery
Trauma & orthopaedics (wards 21-23),Surgery
Trauma & orthopaedics (wards 21-24),Surgery
"Trauma & orthopaedics (wards 26, 27, 61 & 62 )",Surgery
Trauma and orthopaedics,Surgery
Trauma and Orthopaedics,Surgery
Trauma/Orthopaedics (Ward 17),Surgery
Treatment Room,Social Care
Turriff Hospital,Community
Udston Hospital,Other
Upper Gastrointestinal (UGI),Medicine
Upper Limb Service,
Urgent Care Assessment Team (UCAT),Emergency
Urgent Care Centre,Emergency
Urgent Home Visiting Team,Other
Urogynaecology,Medicine
Urology,Medicine
Urology (Bladder and Urinary problems),Medicine
Urology (Ward 11c),Medicine
Urology (Ward 28),Medicine
urology (ward 3c),Medicine
Urology (Ward 6),Surgery
Urology( Ward 70),Medicine
Vale of Leven General Hospital,Other
Vanguard Endoscopy Unit,Medicine
Vascular,Medicine
Vascular (Blood Vessels),Medicine
Vascular Conditions,Medicine
Vascular Surgery,Surgery
Vascular Surgery (Ward 8),Surgery
Victoria Hospice,Social Care
Victoria Hospital,Other
Victoria Infirmary,Other
Victoria Integrated Care Centre,Social Care
Wallace Suite,Social Care
Ward 1 (surgical),Surgery
Ward 102 (ARI) Elderly Assessment,Medicine
Ward 2 (Adult Mental Health),Mental Health
Ward 2 (Gastroenterology),Medicine
Ward 23B - Surgical Neurology,Surgery
Ward 25,Other
Ward 3 - Medical,Medicine
Ward 3 (medical),Medicine
Ward 32 Oncology Clinics (outpatients),Medicine
Ward 34,
Ward 4 - Acute Medical Receiving,Medicine
Ward 6 - Medical & Short Stay Surgery,Medicine
Ward 7 (Orthopaedics),Surgery
Ward 8 (Orthopaedics),Surgery
Ward 8/9 BMTU,Medicine
Ward B1,
Ward B3,
Ward B4,Medicine
Ward B5,Medicine
Ward B7,Medicine
Weight Management,
Wellbeing Service,
West Dunbartonshire Council Home Care Service,Social Care
West Glasgow Maternity Care Centre,Maternity
West of Scotland Major Trauma Ward (ward 1c),Surgery
West Scotland Breast Screening Centre,Medicine
Wester Moffat Hospital,Other
Western General Hospital,Other
Western Infirmary/Gartnavel General,Other
Western Isles Hospital,Other
WestMARC (Ayrshire & Arran),AHP
WestMARC (Dumfries & Galloway),AHP
WestMARC (Forth Valley),AHP
WestMARC (Glasgow),AHP
WestMARC (Lanarkshire),AHP
WestMARC (West of Scotland Mobility and Rehabilitation Centre),AHP
Wheelchair Courtyard Clinic,AHP
Whytemans Brae Hospital,Other
Wigtownshire Community Mental Health Team,Mental Health
Wishaw and Shotts Home Support Service,Social Care
Wishaw General Hospital,Other
Womans Health Screening,Medicine
Women's day care unit,Medicine
Women's health,Medicine
Women's health  (Gynaecology),Maternity
Women's outpatient clinics and investigations,Medicine
Women's Services,Medicine
Woodend Hospital,Other
Woodlands Resource Centre,Mental Health
Woodside Care Home,Social Care
Woolmanhill Hospital,Other
Xray and Scans,Radiology
Xrays & Scans,Radiology
X-rays & Scans,Radiology
Xrays & ultrasound,Radiology
Xrays and scans,Radiology
Xrays and Scans,Radiology
X-rays and scans,Radiology
X-rays and Scans,Radiology
Xrays and Scans (Radiology),Radiology
